Card Name,Percent of decks that play this card,Avg copies in those decks,Deck winrate,Times played
Pen Flinger,7.6,1.9,56.5,150,000
Spirit Jailer,15.2,2,55.0,120,000
Runed Orb,16.0,2,52.9,100,000
Hysteria,20.8,1.9,52.6,100,000
Primordial Studies,16.2,2,53.4,100,000
Armor Vendor,13.4,1.9,55.3,100,000
Soul Shear,14.7,1.9,54.5,100,000
Drain Soul,14.8,2,54.7,100,000
Luckysoul Hoarder,14.4,1.9,55.2,100,000
Wolpertinger,15.8,2,62.9,96,000
Strongman,15.2,2,55.4,96,000
Adorable Infestation,19.2,2,62.1,96,000
Trampling Rhino,16.8,2,62.0,94,000
Incanter's Flow,14.0,2,53.5,92,000
Brain Freeze,15.8,1.9,53.1,91,000
Demon Companion,16.0,2,62.7,90,000
Intrepid Initiate,16.7,2,62.6,87,000
Refreshing Spring Water,14.2,2,53.5,87,000
Taelan Fordring,27.6,1,55.2,85,000
Hand of A'dal,11.8,2,60.5,84,000
Font of Power,12.9,2,54.3,83,000
School Spirits,14.3,1.9,54.9,83,000
Ogremancer,14.5,1.8,56.2,80,000
Imprisoned Felmaw,15.2,2,63.1,80,000
Tracking,17.0,2,61.6,79,000
First Day of School,11.6,2,60.9,77,000
Venomous Scorpid,12.2,1.8,53.4,77,000
Wound Prey,16.0,2,62.5,76,000
Quick Shot,16.9,2,61.8,73,000
Arcane Intellect,14.9,1.9,52.9,73,000
Knight of Anointment,10.5,2,61.1,72,000
Wandmaker,10.4,1.9,52.3,72,000
Apexis Blast,12.6,1.9,54.3,71,000
Fireball,14.8,2,53.1,71,000
Devolving Missiles,14.8,1.9,53.3,71,000
Far Watch Post,9.9,1.9,52.1,65,000
Cram Session,13.0,1.9,53.9,64,000
Sword of the Fallen,10.5,2,61.1,64,000
Piercing Shot,15.9,2,62.3,64,000
Mankrik,19.3,1,58.0,61,000
Northwatch Commander,10.4,2,61.1,59,000
Scavenger's Ingenuity,10.6,2,59.5,55,000
Libram of Wisdom,6.9,2,59.2,52,000
Avenge,10.5,1.8,60.7,52,000
Twisting Nether,14.9,1.7,54.7,52,000
Aldor Attendant,6.9,2,59.3,51,000
Kazakus, Golem Shaper,15.2,1,57.7,49,000
Illidari Studies,7.1,2,54.3,49,000
Palm Reading,6.6,2,47.1,49,000
Mask of C'Thun,12.3,1.8,54.1,48,000
Wand Thief,6.0,1.9,48.3,48,000
Renew,6.8,2,47.1,47,000
Chaos Strike,7.0,2,53.5,47,000
Ring Toss,10.6,1.8,53.3,47,000
Aldor Truthseeker,6.9,2,59.3,46,000
Combustion,9.9,1.8,53.6,45,000
Tickatus,14.2,1,54.9,44,000
Tour Guide,9.0,2,59.1,44,000
Soulciologist Malicia,13.1,1,55.7,44,000
Lightning Bloom,9.2,2,53.6,42,000
Lord Jaraxxus,15.2,1,54.6,42,000
Crabrider,7.3,2,60.3,41,000
Siphon Soul,7.6,1.7,53.4,40,000
Warsong Wrangler,8.6,1.9,63.1,39,000
Aldrachi Warblades,6.6,2,53.6,38,000
Oh My Yogg!,10.2,1.6,61.0,38,000
Knife Vendor,12.7,1.6,63.0,37,000
Nature Studies,5.7,2,53.4,36,000
Galloping Savior,9.0,1.7,61.5,36,000
Libram of Hope,6.9,2,59.3,35,000
Insight,5.5,1.9,47.1,35,000
Tamsin Roame,11.6,1,55.4,35,000
Kolkar Pack Runner,7.5,1.9,64.8,35,000
Flamestrike,13.9,1.5,53.2,35,000
Draconic Studies,4.8,1.9,47.9,35,000
Alexstrasza the Life-Binder,14.2,1,53.8,34,000
Arcane Shot,7.6,1.9,63.6,34,000
Mor'shan Watch Post,6.0,1.8,50.2,34,000
Battlefiend,4.7,2,54.5,33,000
Skull of Gul'dan,7.5,1.9,54.3,33,000
Cascading Disaster,13.5,1.9,55.0,32,000
Libram of Justice,6.8,1.8,59.3,32,000
Deck of Lunacy,9.8,1,53.3,32,000
Swindle,4.4,2,48.3,32,000
Scrap Shot,8.0,1.9,60.7,32,000
Apotheosis,6.2,1.8,47.2,32,000
Innervate,6.3,2,54.3,31,000
Fury (Rank 1),5.6,2,55.3,31,000
Holy Smite,5.1,1.8,46.7,31,000
Headhunter's Hatchet,9.9,1.4,60.6,31,000
Sethekk Veilweaver,4.6,1.9,47.4,31,000
Netherwind Portal,7.2,1.5,54.0,31,000
Raise Dead,6.3,1.8,46.9,30,000
Rinling's Rifle,12.7,1,63.1,30,000
Relentless Pursuit,5.4,2,55.6,30,000
Y'Shaarj, the Defiler,14.2,1,54.9,29,000
Eye Beam,4.7,2,53.3,29,000
Thrive in the Shadows,4.3,1.9,46.5,27,000
Envoy Rustwix,8.4,1,53.2,26,000
Wicked Stab (Rank 1),4.0,2,49.1,26,000
Prize Plunderer,3.6,2,49.2,25,000
Manafeeder Panthara,4.3,1.8,54.4,25,000
Conviction (Rank 1),4.8,1.9,62.7,24,000
Bladed Lady,5.1,2,56.0,24,000
Guess the Weight,4.9,1.8,55.7,23,000
Illidari Inquisitor,5.8,1.9,55.3,23,000
Lunar Eclipse,4.5,1.9,54.3,22,000
Righteous Protector,3.8,1.9,60.1,22,000
Wildfire,3.2,1.9,47.8,22,000
Cutting Class,3.6,1.9,48.8,21,000
Secret Passage,4.1,1.9,49.0,21,000
Athletic Studies,3.1,2,53.6,21,000
Cone of Cold,5.2,1.6,50.4,21,000
Goody Two-Shields,4.4,1.9,60.9,21,000
Stage Dive,3.6,1.8,53.0,21,000
Death's Head Cultist,3.8,1.8,51.6,20,000
Cult Neophyte,3.4,1.8,54.2,20,000
Crossroads Gossiper,4.2,1.8,61.2,20,000
Thorngrowth Sentries,3.7,2,57.4,20,000
Free Admission,4.7,1.2,53.4,20,000
Shadowstep,3.1,1.9,47.5,19,000
Solar Eclipse,4.6,1.9,54.1,19,000
Outrider's Axe,3.7,1.9,51.9,19,000
Sword Eater,3.4,1.9,53.2,19,000
Overgrowth,3.6,2,48.3,19,000
Noble Sacrifice,5.0,1.6,61.3,18,000
Fungal Fortunes,3.8,2,56.0,18,000
Nazmani Bloodweaver,2.6,1.8,45.7,18,000
Acidic Swamp Ooze,5.2,1.2,49.6,17,000
Arbor Up,3.9,2,57.1,17,000
Power of the Wild,3.6,2,57.7,17,000
Warglaives of Azzinoth,3.8,2,55.7,17,000
Wild Growth,3.3,1.9,48.4,17,000
Gibberling,3.5,2,58.3,17,000
Efficient Octo-bot,2.4,1.9,48.6,17,000
Blademaster Samuro,6.4,1,51.0,17,000
Condemn (Rank 1),3.4,1.7,47.9,16,000
Ice Barrier,4.1,1.4,50.7,16,000
Bumper Car,2.3,2,56.7,16,000
Felfire Deadeye,2.6,1.9,56.0,15,000
Babbling Book,2.3,1.9,47.7,15,000
Deadly Poison,1.9,2,47.2,15,000
Shadow Word: Death,4.2,1.4,47.4,15,000
Preparation,2.3,1.9,46.0,14,000
Field Contact,2.2,1.9,47.7,14,000
Glowfly Swarm,3.4,2,58.4,14,000
Guardian Animals,2.9,1.9,51.6,13,000
Hammer of the Naaru,3.8,1.7,64.5,13,000
Survival of the Fittest,2.8,1.9,51.2,13,000
Cagematch Custodian,2.9,1.7,54.6,13,000
Animated Broomstick,3.0,1.8,52.3,12,000
Xyrella,4.7,1,47.6,12,000
Lady Liadrin,6.1,1,59.9,12,000
Reckless Apprentice,2.2,1.9,46.1,12,000
Whack-A-Gnoll Hammer,1.9,1.9,55.1,12,000
Jandice Barov,3.5,1,50.0,12,000
Demonic Studies,1.8,1.8,48.0,12,000
Bloodmage Thalnos,3.7,1,45.8,12,000
Sinister Strike,1.7,2,47.0,12,000
Rally!,2.6,1.9,47.6,12,000
Conditioning (Rank 1),2.3,1.9,55.1,12,000
Spectral Sight,1.7,1.9,46.1,12,000
Overlord Runthak,4.0,1,51.1,12,000
Barak Kodobane,6.5,1,65.3,11,000
Gift of Luminance,2.4,1.7,45.9,11,000
Pride's Fury,3.4,1.9,58.1,11,000
Primordial Protector,2.8,1.8,52.6,11,000
Paralytic Poison,1.5,1.9,47.3,10,000
Parade Leader,2.1,1.9,57.7,10,000
Serpentshrine Portal,2.1,1.9,53.4,10,000
Sunreaver Spy,1.8,1.9,55.6,10,000
Felosophy,1.7,1.7,46.6,10,000
Selective Breeder,1.9,1.9,47.9,10,000
Playmaker,2.1,1.9,56.8,10,000
Shooting Star,2.0,1.7,49.9,9,900
Twilight Runner,3.0,2,51.3,9,900
Gan'arg Glaivesmith,1.7,1.9,52.2,9,800
Ysera the Dreamer,5.5,1,47.5,9,800
Soul of the Forest,3.4,1.9,58.0,9,700
Counterspell,2.5,1.4,48.9,9,600
Stonemaul Anchorman,1.7,1.8,49.5,9,600
Guardian Augmerchant,1.6,1.9,51.3,9,500
Mortal Coil,1.6,1.7,48.1,9,400
Voracious Reader,2.6,1.9,53.9,9,300
Coerce,2.3,1.5,46.3,9,300
Power Word: Fortitude,1.7,1.9,46.5,9,200
Soul Mirror,3.6,1,47.6,9,100
Silverleaf Poison,1.5,1.9,47.3,9,100
Razorfen Beastmaster,1.8,2,55.2,8,900
Tame Beast (Rank 1),2.1,1.9,54.2,8,900
Marrowslicer,1.6,1.9,53.6,8,800
Mo'arg Artificer,1.5,1.8,48.9,8,800
Firebrand,1.6,1.8,50.3,8,800
Druid of the Plains,2.2,1.8,51.0,8,300
Sunscale Raptor,1.5,1.8,52.2,8,300
Immolation Aura,1.3,1.9,48.6,8,300
Kargath Bladefist,2.1,1,48.6,8,000
Doomhammer,1.5,1.9,53.1,8,000
Backfire,2.1,1.3,50.5,7,900
Sword and Board,1.2,1.9,45.3,7,800
Rokara,2.4,1,55.2,7,800
Carnival Clown,2.6,1.9,51.6,7,700
Nourish,1.7,1.9,40.9,7,700
Renowned Performer,1.9,2,55.4,7,700
Lab Partner,1.2,1.8,50.5,7,600
Dirty Tricks,1.3,1.9,48.1,7,600
Desperate Prayer,1.4,1.7,46.8,7,600
Malygos the Spellweaver,4.1,1,44.3,7,500
Raging Felscreamer,1.6,1.5,49.1,7,500
Loot Hoarder,1.3,1.8,40.3,7,500
Trueaim Crescent,1.6,1.8,53.4,7,400
Lightning Bolt,1.6,2,50.4,7,400
Teacher's Pet,1.9,1.6,48.5,7,300
Horde Operative,2.5,1.2,48.1,7,300
Fallen Hero,1.3,1.9,43.4,7,300
Swinetusk Shank,1.5,1.9,47.8,7,200
Circus Amalgam,1.4,1.8,45.1,7,200
Razorboar,1.2,2,54.8,7,200
Tuskpiercer,1.1,1.9,54.6,7,200
Guidance,1.5,1.7,51.0,7,100
Wriggling Horror,2.0,1.4,59.4,7,100
Lake Thresher,2.5,1.9,52.0,7,100
Shield Slam,1.3,1.9,42.7,7,000
Lightshower Elemental,1.6,1.5,47.6,7,000
Brawl,1.9,1.8,43.6,7,000
Void Drinker,1.2,1.6,51.2,6,900
Backstab,1.0,1.8,43.4,6,900
Minefield,1.2,1.8,45.5,6,800
Self-Sharpening Sword,1.7,1.9,48.2,6,800
Diligent Notetaker,1.6,1.9,53.1,6,700
Dunk Tank,1.8,1.9,54.4,6,700
Spawnpool Forager,1.2,2,54.2,6,700
Murloc Tidecaller,1.2,2,54.4,6,700
Cariel Roame,2.0,1,60.0,6,400
Astromancer Solarian,1.9,1,48.9,6,400
Flash Heal,1.2,1.8,44.2,6,400
Yogg-Saron, Master of Fate,3.6,1,45.7,6,400
Blackjack Stunner,1.0,1.9,50.3,6,300
Holy Nova,1.4,1.6,44.6,6,300
Novice Zapper,1.3,2,51.3,6,300
Menacing Nimbus,1.1,1.9,51.0,6,300
Lushwater Murcenary,1.2,2,54.4,6,200
Foxy Fraud,1.0,1.9,46.5,6,200
Shadow Hunter Vol'jin,2.7,1,49.9,6,200
Cenarion Ward,1.2,1.8,42.9,6,200
Imprisoned Phoenix,1.1,1.8,47.3,6,100
Kindling Elemental,1.1,2,53.1,6,100
Corsair Cache,1.7,1.2,50.2,6,100
Double Jump,0.8,1.8,45.1,6,100
Celestial Alignment,1.2,1.9,40.6,6,100
South Coast Chieftain,1.2,2,54.1,6,100
Felscream Blast,0.9,1.9,46.5,6,000
Troublemaker,1.8,1.8,55.9,6,000
Reckoning,1.6,1.3,57.6,6,000
Flurry (Rank 1),1.2,1.7,45.4,5,900
Conjure Mana Biscuit,1.3,1.6,49.1,5,900
Murgur Murgurgle,1.9,1,62.6,5,900
Libram of Judgment,2.3,1.2,60.1,5,800
Stormstrike,1.4,1.9,53.8,5,700
Pack Kodo,1.2,1.6,52.9,5,700
Power Word: Feast,1.4,1.5,44.9,5,700
Starscryer,1.0,1.9,47.5,5,700
Psychic Conjurer,0.9,1.8,43.7,5,600
Claw Machine,1.3,1.6,45.8,5,600
Rockbiter Weapon,1.4,1.9,52.8,5,600
Bladestorm,1.1,1.8,46.1,5,500
Zixor, Apex Predator,1.7,1,53.4,5,500
Void Flayer,1.0,1.8,48.4,5,500
Ambush,1.0,1.7,50.2,5,500
Death Speaker Blackthorn,1.8,1,55.5,5,400
Lushwater Scout,1.1,1.9,54.3,5,300
Shieldmaiden,1.0,1.9,42.6,5,300
Crimson Sigil Runner,0.8,1.8,43.6,5,300
Talented Arcanist,0.9,1.8,46.7,5,200
Thickhide Kodo,1.3,1.6,46.2,5,200
Rancor,1.2,1.6,46.4,5,200
Fire Breather,1.0,1.6,48.3,5,100
Kanrethad Ebonlocke,1.4,1,46.9,5,100
Brittlebone Destroyer,1.1,1.5,47.7,4,800
Enhanced Dreadlord,1.3,1.5,50.1,4,800
Arid Stormer,1.0,1.9,53.3,4,700
Nofin Can Stop Us,1.2,2,54.2,4,700
Aegwynn, the Guardian,1.7,1,46.7,4,700
Sparkjoy Cheat,0.7,1.9,49.9,4,700
Landslide,1.2,1.9,52.3,4,700
Imprisoned Gan'arg,0.8,1.8,54.6,4,700
Oasis Thrasher,0.9,1.9,49.7,4,700
Mordresh Fire Eye,2.1,1,46.1,4,600
Kargal Battlescar,2.8,1,50.9,4,600
Coldlight Seer,1.1,2,54.1,4,600
Warmaul Challenger,1.4,1.5,58.4,4,600
Bonechewer Brawler,0.8,1.9,50.0,4,600
Ras Frostwhisper,1.9,1,51.1,4,600
E.T.C., God of Metal,1.9,1,56.8,4,600
Consecration,1.1,1.7,52.8,4,600
Lord Barov,1.8,1,49.1,4,500
Arcanologist,0.7,1.8,39.6,4,500
Swashburglar,0.6,1.8,41.2,4,500
Darkspear Berserker,1.6,1.9,55.4,4,400
Devouring Plague,0.8,1.6,45.6,4,400
Ticket Master,0.6,1.9,45.9,4,300
Argent Protector,0.9,1.9,62.4,4,300
Man'ari Mosher,1.0,1.7,48.0,4,300
War Cache,0.9,1.7,43.0,4,300
Mirror Entity,0.9,1.5,44.7,4,200
Nitroboost Poison,0.9,1.8,45.1,4,200
Mor'shan Elite,1.0,1.8,51.8,4,200
Moonfang,2.3,1,51.7,4,200
Armorsmith,0.7,1.9,39.6,4,100
Murloc Tinyfin,0.8,1.9,54.1,4,100
Blood Shard Bristleback,0.7,1.8,45.3,4,000
Snap Freeze,0.8,1.7,45.3,4,000
Kor'vas Bloodthorn,0.7,1,47.4,4,000
Dire Frenzy,1.4,1.7,47.6,4,000
Murloc Tidehunter,0.8,1.9,53.8,4,000
Instructor Fireheart,2.0,1,54.4,4,000
Altar of Fire,0.6,1.8,41.0,3,900
Bearshark,0.9,1.8,46.2,3,900
Fire Elemental,1.0,1.9,52.5,3,900
Sigil of Flame,0.6,1.7,45.9,3,900
Deep Freeze,1.5,1.5,50.9,3,900
Il'gynoth,1.3,1,49.1,3,900
Brightwing,1.1,1,44.9,3,800
Gyreworm,0.8,2,53.8,3,800
Blessing of Authority,1.0,1.7,58.6,3,800
Fogsail Freebooter,0.8,1.9,53.1,3,800
Flame Imp,0.6,1.9,44.9,3,700
Vanessa VanCleef,1.0,1,43.5,3,700
Ironbeak Owl,1.4,1.1,44.4,3,700
Inconspicuous Rider,0.7,1.8,47.4,3,700
Flesh Giant,0.7,1.7,47.5,3,700
Dreaming Drake,0.7,1.9,47.4,3,600
Keywarden Ivory,1.4,1,47.2,3,600
Oasis Ally,1.0,1.4,47.4,3,600
Shadowlight Scholar,0.6,1.6,49.4,3,600
Soulshard Lapidary,0.8,1.9,52.7,3,600
Spymistress,0.5,1.9,49.1,3,600
Circus Medic,0.7,1.7,46.2,3,600
Shadowjeweler Hanar,0.9,1,50.5,3,600
Deadly Shot,1.0,1.6,46.5,3,600
Ringmaster Whatley,1.6,1,56.8,3,600
Cannonmaster Smythe,2.0,1,58.7,3,500
Blessing of Kings,0.8,1.8,53.3,3,500
Argent Braggart,0.9,1.8,63.8,3,500
Devout Pupil,0.7,1.7,56.2,3,500
Reliquary of Souls,0.9,1,44.3,3,500
Sneaky Delinquent,0.6,1.9,49.9,3,500
Torrent,0.9,1.9,55.1,3,500
Fortune Teller,0.6,1.8,48.4,3,400
Varden Dawngrasp,1.3,1,45.5,3,300
Mindrender Illucia,2.1,1,46.7,3,300
Felfin Navigator,0.8,1.9,54.2,3,300
Explosive Trap,0.9,1.6,46.7,3,200
Annoy-o-Tron,0.6,1.8,41.6,3,200
Earth Revenant,0.7,1.9,55.3,3,200
Soothsayer's Caravan,0.6,1.6,43.4,3,200
Evocation,1.9,1,50.3,3,200
Crossroads Watch Post,0.7,1.6,45.1,3,100
Webspinner,0.7,1.8,42.6,3,100
Tenwu of the Red Smoke,1.2,1,49.0,3,100
Cloak of Shadows,0.7,1.8,46.9,3,100
Educated Elekk,0.7,1.4,41.3,3,100
Sphere of Sapience,0.8,1,45.6,3,000
Freezing Trap,0.8,1.8,46.8,3,000
Vengeful Spirit,0.7,1.7,56.3,3,000
Cairne Bloodhoof,1.3,1,44.4,2,900
Carrion Studies,0.5,1.8,49.7,2,900
Nerubian Egg,0.5,1.8,46.8,2,900
Scrap Golem,0.5,1.7,41.6,2,900
Scrapyard Colossus,1.0,1.5,43.1,2,900
Gadgetzan Auctioneer,0.7,1.9,36.2,2,800
Prize Vendor,0.6,1.8,46.8,2,800
Cruel Taskmaster,0.6,1.9,43.7,2,800
Soul Rend,0.5,1.9,42.9,2,800
Sightless Watcher,0.5,1.8,46.0,2,800
Marshspawn,0.6,1.8,49.2,2,800
Lilypad Lurker,0.8,1.8,54.8,2,700
Burning Blade Acolyte,0.7,1.6,45.5,2,700
Mark of the Spikeshell,0.6,1.8,45.7,2,700
Ethereal Augmerchant,0.5,1.6,45.6,2,600
Crimson Clergy,0.4,1.9,38.5,2,600
Mystery Winner,0.5,1.7,49.9,2,600
Worgen Infiltrator,0.4,1.8,46.5,2,600
Shadowed Spirit,0.5,1.9,37.9,2,600
Barrens Scavenger,0.4,1.8,45.6,2,600
Rigged Faire Game,1.0,1.1,49.4,2,600
Wave of Apathy,0.6,1.4,42.6,2,600
Apothecary Helbrim,0.7,1,46.8,2,600
Shardshatter Mystic,0.6,1.9,52.6,2,500
Fairground Fool,0.4,1.8,44.9,2,500
Hog Rancher,0.5,1.7,45.1,2,500
Fleethoof Pearltusk,0.6,1.7,47.2,2,500
Razormane Battleguard,0.5,1.9,48.3,2,500
Firemancer Flurgl,1.0,1,55.2,2,500
Rattlegore,1.1,1,48.3,2,500
Confection Cyclone,0.5,1.9,47.7,2,500
Ethereal Conjurer,0.6,1.7,41.1,2,500
SI:7 Agent,0.4,1.8,41.3,2,500
Midway Maniac,0.4,1.8,47.9,2,400
Psyche Split,0.8,1.3,45.1,2,400
Potion of Illusion,1.1,1.2,43.4,2,400
Lightning Storm,0.6,1.7,44.1,2,400
Argent Squire,0.4,1.9,42.3,2,400
Beastmaster Leoroxx,0.9,1,50.6,2,300
Fishy Flyer,0.6,1.5,49.3,2,300
Greyheart Sage,0.4,1.9,50.1,2,300
Plagiarize,0.6,1.4,46.3,2,300
Acrobatics,0.6,1.2,45.6,2,300
Whirling Combatant,0.5,1.6,47.5,2,300
Transfer Student,0.5,1.6,51.4,2,300
Tirion Fordring,1.0,1,54.0,2,300
Mana Tide Totem,0.5,1.8,43.9,2,300
Ring Matron,0.5,1.6,50.3,2,300
Feral Rage,0.5,1.7,38.6,2,300
Ashtongue Battlelord,0.5,1.8,41.4,2,200
Hellfire,0.6,1.5,47.8,2,200
Auspicious Spirits,0.4,1.7,44.8,2,200
Slam,0.4,1.8,37.3,2,200
Pursuit of Justice,0.4,1.8,41.5,2,200
Warsong Envoy,0.4,1.9,47.5,2,200
Inara Stormcrash,1.2,1,56.4,2,100
Darkmoon Dirigible,0.4,1.6,47.1,2,100
Mark of the Wild,0.6,1.7,47.2,2,100
Pack Tactics,0.5,1.7,50.2,2,100
Underlight Angling Rod,0.5,1.9,63.2,2,100
Unstable Felbolt,0.4,1.8,44.3,2,100
Enslaved Fel Lord,0.5,1.5,47.3,2,000
Natalie Seline,0.9,1,44.1,2,000
Peon,0.4,1.6,41.4,2,000
Doctor Krastinov,0.8,1,49.2,2,000
Defender of Argus,0.7,1.4,47.6,2,000
Steward of Scrolls,0.5,1.6,46.1,1,900
Landscaping,0.5,1.7,53.8,1,900
The Dark Portal,0.4,1.7,43.9,1,900
Lone Champion,0.4,1.5,45.6,1,900
In Formation!,0.4,1.7,41.8,1,900
Coordinated Strike,0.4,1.8,39.7,1,900
Power Infusion,0.4,1.8,37.9,1,900
Kayn Sunfury,0.9,1,51.7,1,900
The Nameless One,0.7,1,47.0,1,900
Shadow Word: Ruin,0.9,1.2,44.2,1,800
Bulk Up,0.4,1.8,40.0,1,800
Bamboozle,0.5,1.4,50.4,1,800
Skeletal Dragon,0.6,1.3,44.6,1,800
Redeemed Pariah,0.3,1.8,49.0,1,800
Darkglare,0.3,1.9,48.5,1,800
Redscale Dragontamer,0.4,1.6,54.1,1,800
Invigorating Sermon,0.3,1.6,45.1,1,800
Frothing Berserker,0.4,1.9,48.0,1,800
Execute,0.5,1.7,37.8,1,800
Faceless Manipulator,0.6,1.2,44.2,1,800
Toad of the Wilds,0.3,1.9,47.5,1,800
Yoink!,0.3,1.4,46.5,1,800
Resizing Pouch,0.5,1.5,49.0,1,700
Al'Akir the Windlord,1.1,1,51.9,1,700
N'Zoth, God of the Deep,1.1,1,46.8,1,700
Scabbs Cutterbutter,0.5,1,41.6,1,700
Kul Tiran Chaplain,0.3,1.9,39.0,1,700
Malevolent Strike,0.3,1.8,48.0,1,700
Silas Darkmoon,1.0,1,44.8,1,700
Felsoul Jailer,0.4,1.7,42.1,1,700
Snake Trap,0.5,1.6,46.0,1,700
Lightspawn,0.3,1.9,37.2,1,700
Cabal Acolyte,0.4,1.5,43.2,1,700
Sigil of Silence,0.3,1.4,44.4,1,700
Lock and Load,0.4,1.8,50.1,1,600
King Krush,1.8,1,48.8,1,600
Overlord Saurfang,0.8,1,48.3,1,600
Barricade,0.3,1.6,43.0,1,600
Petting Zoo,0.4,1.8,52.2,1,600
Neeru Fireblade,0.9,1,45.0,1,600
Whirlwind,0.4,1.7,35.8,1,600
Coldarra Drake,0.7,1.5,42.4,1,600
Line Hopper,0.3,1.8,49.5,1,600
Imp Swarm (Rank 1),0.3,1.6,43.9,1,600
Bogbeam,0.3,1.8,43.7,1,600
Tidal Surge,0.4,1.8,40.8,1,600
Shield of Honor,0.4,1.7,51.0,1,600
Chaos Nova,0.5,1.4,47.4,1,600
Forest Warden Omu,0.7,1,40.2,1,500
Priestess of Fury,0.4,1.7,51.5,1,500
Shan'do Wildclaw,0.6,1,47.6,1,500
Netherwalker,0.3,1.6,50.4,1,500
Grommash Hellscream,0.9,1,45.1,1,500
Onyx Magescribe,0.5,1.4,48.2,1,500
Feral Spirit,0.3,1.8,41.8,1,500
Umbral Owl,0.3,1.8,45.7,1,500
Oil Rig Ambusher,0.2,1.6,47.3,1,500
Dire Wolf Alpha,0.3,1.9,38.4,1,500
Emerald Skytalon,0.3,1.9,37.6,1,500
Wicked Whispers,0.3,1.9,46.6,1,400
Warsong Outrider,0.3,1.8,36.1,1,400
Serena Bloodfeather,0.5,1,44.8,1,400
Spectral Sight,0.2,1.8,48.7,1,400
Scavenging Hyena,0.3,1.9,41.0,1,400
Lorekeeper Polkelt,0.8,1,48.1,1,400
Greybough,0.6,1,47.2,1,400
Guff Runetotem,0.7,1,53.3,1,400
Possessed Villager,0.2,1.8,42.1,1,400
Imprisoned Vilefiend,0.3,1.5,42.6,1,400
Trick Totem,0.3,1.4,45.1,1,400
Soldier's Caravan,0.3,1.7,45.9,1,400
Imprisoned Scrap Imp,0.2,1.6,42.7,1,400
Veteran Warmedic,0.4,1.3,56.2,1,400
Bladed Cultist,0.2,1.9,36.1,1,300
Nightshade Matron,0.3,2,44.9,1,300
Tent Trasher,0.3,1.7,48.6,1,300
Hex,0.4,1.6,43.4,1,300
Felsaber,0.4,1.2,52.5,1,300
Robes of Protection,0.4,1.4,51.4,1,300
Savannah Highmane,0.5,1.7,42.5,1,300
Imprisoned Homunculus,0.2,1.5,40.7,1,300
Southsea Scoundrel,0.3,1.6,43.6,1,300
Kabal Outfitter,0.2,1.7,47.4,1,300
Ringmaster's Baton,0.2,1.7,44.8,1,200
Kurtrus Ashfallen,0.4,1,49.6,1,200
Baron Geddon,0.7,1,39.4,1,200
Stage Hand,0.2,1.8,47.0,1,200
Bola Shot,0.4,1.7,48.2,1,200
Mok'Nathal Lion,0.3,1.8,47.9,1,200
Tinyfin's Caravan,0.3,1.7,49.9,1,200
Overwhelm,0.3,1.9,50.3,1,200
Day at the Faire,0.3,1.8,45.9,1,200
Shadow Clone,0.3,1.6,45.0,1,200
Stiltstepper,0.3,1.7,51.4,1,200
Truesilver Champion,0.3,1.6,46.9,1,200
Bru'kan,0.6,1,52.0,1,200
Keli'dan the Breaker,0.4,1,51.4,1,200
Temple Enforcer,0.3,1.8,38.5,1,100
Gold Road Grunt,0.3,1.6,41.8,1,100
Magehunter,0.3,1.3,50.8,1,100
Razormane Raider,0.3,1.8,47.9,1,100
Vilefiend Trainer,0.2,1.8,50.4,1,100
Redgill Razorjaw,0.2,1.8,40.7,1,100
Imprisoned Satyr,0.2,1.7,46.0,1,100
Germination,0.4,1.7,41.7,1,100
Archspore Msshi'fn,0.4,1,45.9,1,100
Unbound Elemental,0.2,1.9,39.3,1,100
Feat of Strength,0.2,1.6,41.5,1,100
Grimoire of Sacrifice,0.3,1.6,41.0,1,100
Fiery War Axe,0.3,1.9,31.9,1,100
Blood of G'huun,0.4,1.4,42.0,1,100
Vulpera Toxinblade,0.2,1.7,44.6,1,000
Ironbark,0.2,1.6,42.3,1,000
Grand Finale,0.5,1.3,49.4,1,000
Throw Glaive,0.3,1.2,46.3,1,000
Snack Run,0.2,1.6,49.3,1,000
Stand Against Darkness,0.3,1.9,42.7,1,000
Steeldancer,0.2,1.7,47.7,1,000
Dark Inquisitor Xanesh,0.3,1,46.4,1,000
Magicfin,0.3,1.5,52.3,1,000
Carnival Barker,0.3,1.7,45.8,1,000
Dreadlord's Bite,0.2,1.6,47.5,1,000
Speaker Gidra,0.4,1,48.5,1,000
Mistrunner,0.4,1.4,54.3,1,000
Augmented Porcupine,0.2,1.7,49.5,1,000
Prospector's Caravan,0.2,1.5,45.4,1,000
Ironclad,0.2,1.8,39.0,1,000
Moontouched Amulet,0.2,1.7,44.3,1,000
Horrendous Growth,0.3,1.4,45.0,970
Insatiable Felhound,0.2,1.6,47.6,970
Rune Dagger,0.2,1.8,41.8,970
Sunwell Initiate,0.2,1.8,47.3,970
Fizzy Elemental,0.3,1.6,44.0,960
Aldor Peacekeeper,0.3,1.6,45.9,960
Bulwark of Azzinoth,0.3,1,45.2,950
Open the Cages,0.3,1.4,51.5,950
Warhorse Trainer,0.2,1.8,40.7,950
Baron Rivendare,0.4,1,44.0,950
Vectus,0.5,1,44.7,950
Living Seed (Rank 1),0.2,1.7,40.3,940
Earth Elemental,0.2,1.8,41.2,930
Plagued Protodrake,0.4,1.5,44.5,930
Don't Feed the Animals,0.3,1.4,44.8,930
Carousel Gryphon,0.3,1.7,52.7,920
Commencement,0.2,1.8,45.1,910
Runaway Blackwing,0.4,1.4,43.5,910
Ace Hunter Kreen,0.4,1,53.2,910
Equality,0.4,1.4,48.1,890
Lothraxion the Redeemed,0.3,1,48.5,890
Occult Conjurer,0.2,1.6,43.6,880
Sorcerous Substitute,0.2,1.8,44.3,870
Helboar,0.2,1.6,48.9,870
Chain Lightning (Rank 1),0.2,1.6,42.6,870
Clockwork Giant,0.2,1.6,44.3,860
King Mukla,0.4,1,37.6,860
Raid Leader,0.2,1.9,35.9,860
Explosive Sheep,0.2,1.7,41.5,860
Warglaives of Azzinoth,0.2,1.9,57.4,850
High Exarch Yrel,0.4,1,53.6,850
Plaguemaw the Rotting,0.4,1,45.5,830
Priest of An'she,0.2,1.6,40.3,830
Game Master,0.1,1.7,42.9,830
Keymaster Alabaster,0.3,1,45.4,820
Partner Assignment,0.2,1.5,46.6,810
Lady Vashj,0.3,1,48.5,810
Onyxia the Broodmother,0.5,1,39.9,810
Molten Blast,0.2,1.8,44.5,810
Deathwing the Destroyer,0.6,1,39.8,800
Totemic Reflection,0.2,1.8,47.1,780
Bloodsail Deckhand,0.1,1.8,42.1,780
Dragonmaw Overseer,0.2,1.5,39.6,770
Enchanted Raven,0.2,1.8,46.8,770
Tidal Wave,0.3,1.5,47.0,770
SI:7 Infiltrator,0.2,1.4,49.4,770
Taurajo Brave,0.3,1.5,44.3,760
Bloated Python,0.2,1.7,48.2,760
Crimson Hothead,0.2,1.2,50.6,760
Cold Blood,0.2,1.8,37.7,740
Idol of Y'Shaarj,0.2,1.5,40.2,730
Guardian of Kings,0.2,1.6,41.7,730
Shenanigans,0.2,1.6,43.3,720
Youthful Brewmaster,0.3,1.4,40.2,720
High Inquisitor Whitemane,0.5,1,41.6,720
Elven Archer,0.1,1.9,33.4,720
Groundskeeper,0.2,1.6,44.2,720
Abusive Sergeant,0.2,1.8,39.4,710
Imprisoned Observer,0.2,1.5,47.4,710
Darkmoon Tonk,0.2,1.6,47.6,690
Focused Will,0.2,1.3,42.7,690
Water Elemental,0.2,1.7,42.8,690
Ruststeed Raider,0.2,1.5,44.7,680
Saddlemaster,0.2,1.5,46.7,670
Faire Arborist,0.2,1.6,46.3,660
Fel Summoner,0.2,1.7,49.6,640
Dark Iron Dwarf,0.2,1.7,41.2,640
Gruntled Patron,0.2,1.7,33.1,640
Vile Call,0.1,1.4,44.8,630
Headmaster Kel'Thuzad,0.3,1,48.2,630
Assassinate,0.2,1.7,34.5,630
Earthen Ring Farseer,0.1,1.6,43.9,620
Shadowform,0.2,1.2,41.0,620
Balloon Merchant,0.2,1.8,44.3,620
Burrowing Scorpid,0.2,1.5,39.7,600
Nozdormu the Eternal,0.3,1,40.6,600
High Abbess Alura,0.3,1,55.3,600
Coilfang Warlord,0.2,1.4,48.6,590
Marsh Hydra,0.2,1.4,45.3,590
Teron Gorefiend,0.3,1,45.9,590
Firework Elemental,0.2,1.6,43.8,590
Krolusk Barkstripper,0.2,1.5,47.6,570
Cenarius,0.4,1,42.9,570
Zai, the Incredible,0.2,1,48.6,560
Ratchet Privateer,0.1,1.8,42.9,560
Reaper's Scythe,0.1,1.5,48.1,540
Archwitch Willow,0.2,1,51.3,530
Lakkari Felhound,0.1,1.8,40.9,530
Dancing Cobra,0.1,1.6,38.9,530
Initiation,0.2,1.2,40.5,530
Gorehowl,0.3,1.1,33.6,520
Nordrassil Druid,0.2,1.7,40.9,520
Force of Nature,0.2,1.6,49.2,520
Costumed Entertainer,0.10,1.7,43.9,520
Felsteel Executioner,0.1,1.5,49.7,510
Star Student Stelina,0.2,1,54.1,500
Scavenging Shivarra,0.1,1.4,47.5,500
Boneweb Egg,0.1,1.8,43.1,490
Barrens Trapper,0.1,1.6,47.1,490
Smug Senior,0.2,1.2,40.2,480
Stoneskin Basilisk,0.1,1.6,38.0,480
Jewel of N'Zoth,0.2,1.6,50.4,460
Imprisoned Antaen,0.2,1.4,47.3,460
Tomb Pillager,0.10,1.8,27.6,460
Professor Slate,0.2,1,53.2,450
G'huun the Blood God,0.2,1,44.8,450
Darkmoon Rabbit,0.2,1.1,41.8,440
Nagrand Slam,0.3,1.3,48.6,440
Overconfident Orc,0.1,1.4,38.6,430
Void Terror,0.1,1.7,36.9,430
Sayge, Seer of Darkmoon,0.2,1,42.5,420
Tavish Stormpike,0.2,1,40.7,420
Runic Carvings,0.1,1.4,46.9,420
Cycle of Hatred,0.2,1.2,48.9,390
Menagerie Warden,0.1,1.6,44.5,380
Kiri, Chosen of Elune,0.2,1,49.5,370
Druid of the Claw,0.1,1.8,36.2,350
Pounce,0.1,1.8,42.4,340
Hand of Gul'dan,0.3,1.9,43.1,340
Holy Light,0.10,1.4,40.1,340
Disguised Wanderer,0.1,1.6,45.3,340
Big Game Hunter,0.2,1.2,41.7,330
The Lurker Below,0.2,1,49.6,330
Infiltrator Lilian,0.1,1,48.4,320
Sen'jin Shieldmasta,0.1,1.8,30.4,310
Showstopper,0.10,1.2,45.4,310
Feast of Souls,0.1,1.8,32.5,300
Sleepy Dragon,0.2,1.6,35.9,300
